speaker,idx,kana,kanji,ph,text,src_wav
S001,01,にじ,二字,^に!じ,二字,/home/sunhaitong/ABX_jp/data/recording_words/S001/S001_01_にじ_二字.wav
S001,02,にじ,虹,^にじ,虹,/home/sunhaitong/ABX_jp/data/recording_words/S001/S001_02_にじ_虹.wav
S001,03,あめ,飴,^あめ,飴,/home/sunhaitong/ABX_jp/data/recording_words/S001/S001_03_あめ_飴.wav
S001,04,あめ,雨,^あ!め,雨,/home/sunhaitong/ABX_jp/data/recording_words/S001/S001_04_あめ_雨.wav
S001,05,はし,端,^はし,端,/home/sunhaitong/ABX_jp/data/recording_words/S001/S001_05_はし_端.wav
S001,06,はし,箸,^は!し,箸,/home/sunhaitong/ABX_jp/data/recording_words/S001/S001_06_はし_箸.wav
S001,07,はし,橋,^はし!,橋,/home/sunhaitong/ABX_jp/data/recording_words/S001/S001_07_はし_橋.wav
S001,08,はし,箸,^は!し,箸,/home/sunhaitong/ABX_jp/data/recording_words/S001/S001_08_はし_箸.wav
S001,09,かき,柿,^かき,柿,/home/sunhaitong/ABX_jp/data/recording_words/S001/S001_09_かき_柿.wav
S001,10,かき,下記,^か!き,下記,/home/sunhaitong/ABX_jp/data/recording_words/S001/S001_10_かき_下記.wav
S001,11,いし,石,^いし!,石,/home/sunhaitong/ABX_jp/data/recording_words/S001/S001_11_いし_石.wav
S001,12,いし,意志,^い!し,意志,/home/sunhaitong/ABX_jp/data/recording_words/S001/S001_12_いし_意志.wav
S001,13,きが,気が,^きが,気が,/home/sunhaitong/ABX_jp/data/recording_words/S001/S001_13_きが_気が.wav
S001,14,きが,木が,^き!が,木が,/home/sunhaitong/ABX_jp/data/recording_words/S001/S001_14_きが_木が.wav
S001,15,はなが,鼻が,^はなが,鼻が,/home/sunhaitong/ABX_jp/data/recording_words/S001/S001_15_はなが_鼻が.wav
S001,16,はなが,花が,^はな!が,花が,/home/sunhaitong/ABX_jp/data/recording_words/S001/S001_16_はなが_花が.wav
S001,17,さけ,酒,^さけ,酒,/home/sunhaitong/ABX_jp/data/recording_words/S001/S001_17_さけ_酒.wav
S001,18,さけ,鮭,^さ!け,鮭,/home/sunhaitong/ABX_jp/data/recording_words/S001/S001_18_さけ_鮭.wav
S001,19,りょうしん,両唇,^りょうしん,両唇,/home/sunhaitong/ABX_jp/data/recording_words/S001/S001_19_りょうしん_両唇.wav
S001,20,りょうしん,両親,^りょ!うしん,両親,/home/sunhaitong/ABX_jp/data/recording_words/S001/S001_20_りょうしん_両親.wav
S001,21,しめい,指名,^しめい,指名,/home/sunhaitong/ABX_jp/data/recording_words/S001/S001_21_しめい_指名.wav
S001,22,しめい,氏名,^し!めい,氏名,/home/sunhaitong/ABX_jp/data/recording_words/S001/S001_22_しめい_氏名.wav
S001,23,にほん,日本,^にほ!ん,日本,/home/sunhaitong/ABX_jp/data/recording_words/S001/S001_23_にほん_日本.wav
S001,24,にほん,二本,^に!ほん,二本,/home/sunhaitong/ABX_jp/data/recording_words/S001/S001_24_にほん_二本.wav
S001,25,いけん,違憲,^いけん,違憲,/home/sunhaitong/ABX_jp/data/recording_words/S001/S001_25_いけん_違憲.wav
S001,26,いけん,意見,^い!けん,意見,/home/sunhaitong/ABX_jp/data/recording_words/S001/S001_26_いけん_意見.wav
S001,27,かう,買う,^かう,買う,/home/sunhaitong/ABX_jp/data/recording_words/S001/S001_27_かう_買う.wav
S001,28,かう,飼う,^か!う,飼う,/home/sunhaitong/ABX_jp/data/recording_words/S001/S001_28_かう_飼う.wav
S001,29,きる,着る,^きる,着る,/home/sunhaitong/ABX_jp/data/recording_words/S001/S001_29_きる_着る.wav
S001,30,きる,切る,^き!る,切る,/home/sunhaitong/ABX_jp/data/recording_words/S001/S001_30_きる_切る.wav
S001,31,かえる,変える,^かえる,変える,/home/sunhaitong/ABX_jp/data/recording_words/S001/S001_31_かえる_変える.wav
S001,32,かえる,帰る,^か!える,帰る,/home/sunhaitong/ABX_jp/data/recording_words/S001/S001_32_かえる_帰る.wav
S001,33,かって,買って,^かって,買って,/home/sunhaitong/ABX_jp/data/recording_words/S001/S001_33_かって_買って.wav
S001,34,かって,勝って,^か!って,勝って,/home/sunhaitong/ABX_jp/data/recording_words/S001/S001_34_かって_勝って.wav
S001,35,きて,着て,^きて,着て,/home/sunhaitong/ABX_jp/data/recording_words/S001/S001_35_きて_着て.wav
S001,36,きて,来て,き!て,来て,/home/sunhaitong/ABX_jp/data/recording_words/S001/S001_36_きて_来て.wav
S001,37,よんで,呼んで,^よんで,呼んで,/home/sunhaitong/ABX_jp/data/recording_words/S001/S001_37_よんで_呼んで.wav
S001,38,よんで,読んで,^よ!んで,読んで,/home/sunhaitong/ABX_jp/data/recording_words/S001/S001_38_よんで_読んで.wav
S001,39,いつか,五日,^いつか,五日,/home/sunhaitong/ABX_jp/data/recording_words/S001/S001_39_いつか_五日.wav
S001,40,いつか,いつか,^い!つか,いつか,/home/sunhaitong/ABX_jp/data/recording_words/S001/S001_40_いつか_いつか.wav
S001,41,きって,切手,^きって,切手,/home/sunhaitong/ABX_jp/data/recording_words/S001/S001_41_きって_切手.wav
S001,42,きって,切って,^き!って,切って,/home/sunhaitong/ABX_jp/data/recording_words/S001/S001_42_きって_切って.wav
S001,43,あつい,厚い,^あつい,厚い,/home/sunhaitong/ABX_jp/data/recording_words/S001/S001_43_あつい_厚い.wav
S001,44,あつい,熱い,^あつ!い,熱い,/home/sunhaitong/ABX_jp/data/recording_words/S001/S001_44_あつい_熱い.wav
S001,45,はく,履く,^はく,履く,/home/sunhaitong/ABX_jp/data/recording_words/S001/S001_45_はく_履く.wav
S001,46,はく,掃く,^は!く,掃く,/home/sunhaitong/ABX_jp/data/recording_words/S001/S001_46_はく_掃く.wav
S001,47,にじ,虹,^にじ,虹,/home/sunhaitong/ABX_jp/data/recording_words/S001/S001_47_にじ_虹.wav
S001,48,にじ,二時,^に!じ,二時,/home/sunhaitong/ABX_jp/data/recording_words/S001/S001_48_にじ_二時.wav
S001,49,あめ,飴,^あめ,飴,/home/sunhaitong/ABX_jp/data/recording_words/S001/S001_49_あめ_飴.wav
S001,50,あめ,雨,^あ!め,雨,/home/sunhaitong/ABX_jp/data/recording_words/S001/S001_50_あめ_雨.wav
S001,51,はし,端,^はし,端,/home/sunhaitong/ABX_jp/data/recording_words/S001/S001_51_はし_端.wav
S001,52,はし,箸,^は!し,箸,/home/sunhaitong/ABX_jp/data/recording_words/S001/S001_52_はし_箸.wav
S001,53,はし,橋,^はし!,橋,/home/sunhaitong/ABX_jp/data/recording_words/S001/S001_53_はし_橋.wav
S001,54,はし,箸,^は!し,箸,/home/sunhaitong/ABX_jp/data/recording_words/S001/S001_54_はし_箸.wav
S001,55,かき,牡蠣,^か!き,牡蠣,/home/sunhaitong/ABX_jp/data/recording_words/S001/S001_55_かき_牡蠣.wav
S001,56,かき,柿,^かき,柿,/home/sunhaitong/ABX_jp/data/recording_words/S001/S001_56_かき_柿.wav
S001,57,いし,石,^いし!,石,/home/sunhaitong/ABX_jp/data/recording_words/S001/S001_57_いし_石.wav
S001,58,いし,医師,^い!し,医師,/home/sunhaitong/ABX_jp/data/recording_words/S001/S001_58_いし_医師.wav
S001,59,きです,気です,^きで!す,気です,/home/sunhaitong/ABX_jp/data/recording_words/S001/S001_59_きです_気です.wav
S001,60,きです,木です,^き!です,木です,/home/sunhaitong/ABX_jp/data/recording_words/S001/S001_60_きです_木です.wav
S001,61,はなを,鼻を,^はなを,鼻を,/home/sunhaitong/ABX_jp/data/recording_words/S001/S001_61_はなを_鼻を.wav
S001,62,はなを,花を,^はな!を,花を,/home/sunhaitong/ABX_jp/data/recording_words/S001/S001_62_はなを_花を.wav
S001,63,さけ,酒,^さけ,酒,/home/sunhaitong/ABX_jp/data/recording_words/S001/S001_63_さけ_酒.wav
S001,64,さけ,鮭,^さ!け,鮭,/home/sunhaitong/ABX_jp/data/recording_words/S001/S001_64_さけ_鮭.wav
S001,65,りょうしん,両唇,^りょうしん,両唇,/home/sunhaitong/ABX_jp/data/recording_words/S001/S001_65_りょうしん_両唇.wav
S001,66,りょうしん,良心,^りょ!うしん,良心,/home/sunhaitong/ABX_jp/data/recording_words/S001/S001_66_りょうしん_良心.wav
S001,67,しめい,指名,^しめい,指名,/home/sunhaitong/ABX_jp/data/recording_words/S001/S001_67_しめい_指名.wav
S001,68,しめい,使命,^し!めい,使命,/home/sunhaitong/ABX_jp/data/recording_words/S001/S001_68_しめい_使命.wav
S001,69,にほん,日本,^にほ!ん,日本,/home/sunhaitong/ABX_jp/data/recording_words/S001/S001_69_にほん_日本.wav
S001,70,にほん,二本,^に!ほん,二本,/home/sunhaitong/ABX_jp/data/recording_words/S001/S001_70_にほん_二本.wav
S001,71,いけん,違憲,^いけん,違憲,/home/sunhaitong/ABX_jp/data/recording_words/S001/S001_71_いけん_違憲.wav
S001,72,いけん,意見,^い!けん,意見,/home/sunhaitong/ABX_jp/data/recording_words/S001/S001_72_いけん_意見.wav
S001,73,かう,買う,^かう,買う,/home/sunhaitong/ABX_jp/data/recording_words/S001/S001_73_かう_買う.wav
S001,74,かう,飼う,^か!う,飼う,/home/sunhaitong/ABX_jp/data/recording_words/S001/S001_74_かう_飼う.wav
S001,75,きる,着る,^きる,着る,/home/sunhaitong/ABX_jp/data/recording_words/S001/S001_75_きる_着る.wav
S001,76,きる,切る,^き!る,切る,/home/sunhaitong/ABX_jp/data/recording_words/S001/S001_76_きる_切る.wav
S001,77,かえる,変える,^かえる,変える,/home/sunhaitong/ABX_jp/data/recording_words/S001/S001_77_かえる_変える.wav
S001,78,かえる,帰る,^か!える,帰る,/home/sunhaitong/ABX_jp/data/recording_words/S001/S001_78_かえる_帰る.wav
S001,79,かって,買って,^かって,買って,/home/sunhaitong/ABX_jp/data/recording_words/S001/S001_79_かって_買って.wav
S001,80,かって,勝って,^か!って,勝って,/home/sunhaitong/ABX_jp/data/recording_words/S001/S001_80_かって_勝って.wav
S001,81,きて,着て,^きて,着て,/home/sunhaitong/ABX_jp/data/recording_words/S001/S001_81_きて_着て.wav
S001,82,きて,来て,き!て,来て,/home/sunhaitong/ABX_jp/data/recording_words/S001/S001_82_きて_来て.wav
S001,83,よんで,呼んで,^よんで,呼んで,/home/sunhaitong/ABX_jp/data/recording_words/S001/S001_83_よんで_呼んで.wav
S001,84,よんで,読んで,^よ!んで,読!んで,/home/sunhaitong/ABX_jp/data/recording_words/S001/S001_84_よんで_読んで.wav
S001,85,いつか,五日,^いつか,五日,/home/sunhaitong/ABX_jp/data/recording_words/S001/S001_85_よんで_五日.wav
S001,86,いつか,いつか,^い!つか,いつか,/home/sunhaitong/ABX_jp/data/recording_words/S001/S001_86_よんで_いつか.wav
S001,87,きって,切手,^きって,切手,/home/sunhaitong/ABX_jp/data/recording_words/S001/S001_87_きって_切手.wav
S001,88,きって,切って,^き!って,切って,/home/sunhaitong/ABX_jp/data/recording_words/S001/S001_88_きって_切って.wav
S001,89,あつい,厚い,^あつい,厚い,/home/sunhaitong/ABX_jp/data/recording_words/S001/S001_89_あつい_厚い.wav
S001,90,あつい,暑い,^あつ!い,暑い,/home/sunhaitong/ABX_jp/data/recording_words/S001/S001_90_あつい_暑い.wav
S001,91,はく,履く,^はく,履く,/home/sunhaitong/ABX_jp/data/recording_words/S001/S001_91_はく_履く.wav
S001,92,はく,掃く,^は!く,掃く,/home/sunhaitong/ABX_jp/data/recording_words/S001/S001_92_はく_掃く.wav
