idx,kana,text,ph,label,context_id
01,にじ,二字,^に!じ,1,0
02,にじ,虹,^にじ,0,0
03,あめ,飴,^あめ,0,1
04,あめ,雨,^あ!め,1,1
05,はし,端,^はし,0,2
06,はし,箸,^は!し,1,2
07,はし,橋,^はし!,2,3
08,はし,箸,^は!し,1,3
09,かき,柿,^かき,0,4
10,かき,下記,^か!き,1,4
11,いし,石,^いし!,2,5
12,いし,意志,^い!し,1,5
13,きが,気が,^きが,0,6
14,きが,木が,^き!が,1,6
15,はなが,鼻が,^はなが,0,7
16,はなが,花が,^はな!が,2,7
17,さけ,酒,^さけ,0,8
18,さけ,鮭,^さ!け,1,8
19,りょうしん,両唇,^りょうしん,0,9
20,りょうしん,両親,^りょ!うしん,1,9
21,しめい,指名,^しめい,0,10
22,しめい,氏名,^し!めい,1,10
23,にほん,日本,^にほ!ん,2,11
24,にほん,二本,^に!ほん,1,11
25,いけん,違憲,^いけん,0,12
26,いけん,意見,^い!けん,1,12
27,かう,買う,^かう,0,13
28,かう,飼う,^か!う,1,13
29,きる,着る,^きる,0,14
30,きる,切る,^き!る,1,14
31,かえる,変える,^かえる,0,15
32,かえる,帰る,^か!える,1,15
33,かって,買って,^かって,0,16
34,かって,勝って,^か!って,1,16
35,きて,着て,^きて,0,17
36,きて,来て,き!て,1,17
37,よんで,呼んで,^よんで,0,18
38,よんで,読んで,^よ!んで,1,18
39,いつか,五日,^いつか,0,19
40,いつか,いつか,^い!つか,1,19
41,きって,切手,^きって,0,20
42,きって,切って,^き!って,1,20
43,あつい,厚い,^あつい,0,21
44,あつい,熱い,^あつ!い,1,21
45,はく,履く,^はく,0,22
46,はく,掃く,^は!く,1,22
47,にじ,虹,^にじ,0,23
48,にじ,二時,^に!じ,1,23
49,あめ,飴,^あめ,0,24
50,あめ,雨,^あ!め,1,24
51,はし,端,^はし,0,25
52,はし,箸,^は!し,1,25
53,はし,橋,^はし!,2,26
54,はし,箸,^は!し,1,26
55,かき,牡蠣,^か!き,1,27
56,かき,柿,^かき,0,27
57,いし,石,^いし!,2,28
58,いし,医師,^い!し,1,28
59,きです,気です,^きで!す,0,29
60,きです,木です,^き!です,1,29
61,はなを,鼻を,^はなを,0,30
62,はなを,花を,^はな!を,2,30
63,さけ,酒,^さけ,0,31
64,さけ,鮭,^さ!け,1,31
65,りょうしん,両唇,^りょうしん,0,32
66,りょうしん,良心,^りょ!うしん,1,32
67,しめい,指名,^しめい,0,33
68,しめい,使命,^し!めい,1,33
69,にほん,日本,^にほ!ん,2,34
70,にほん,二本,^に!ほん,1,34
71,いけん,違憲,^いけん,0,35
72,いけん,意見,^い!けん,1,35
73,かう,買う,^かう,0,36
74,かう,飼う,^か!う,1,36
75,きる,着る,^きる,0,37
76,きる,切る,^き!る,1,37
77,かえる,変える,^かえる,0,38
78,かえる,帰る,^か!える,1,38
79,かって,買って,^かって,0,39
80,かって,勝って,^か!って,1,39
81,きて,着て,^きて,0,40
82,きて,来て,き!て,1,40
83,よんで,呼んで,^よんで,0,41
84,よんで,読!んで,^よ!んで,1,41
85,いつか,五日,^いつか,0,42
86,いつか,いつか,^い!つか,1,42
87,きって,切手,^きって,0,43
88,きって,切って,^き!って,1,43
89,あつい,厚い,^あつい,0,44
90,あつい,暑い,^あつ!い,2,44
91,はく,履く,^はく,0,45
92,はく,掃く,^は!く,1,45
