participant,response_file,list_id,status,n_responses,n_catch_trials,catch_accuracy
participant-006,responses_participant-006_participant_022_20260201_023136.csv,participant_022,COMPLETED,70,7,1.000000
participant-007,responses_participant-007_participant_024_20260201_033616.csv,participant_024,COMPLETED,70,7,0.857143
participant-008,responses_participant-008_participant_032_20260201_033600.csv,participant_032,COMPLETED,70,7,1.000000
participant-009,responses_participant-009_participant_006_20260131_235207.csv,participant_006,COMPLETED,70,7,1.000000
participant-010,responses_participant-010_participant_018_20260201_021924.csv,participant_018,COMPLETED_BONUS,70,7,1.000000
participant-011,responses_participant-011_participant_021_20260201_022515.csv,participant_021,COMPLETED,70,7,1.000000
participant-012,responses_participant-012_participant_029_20260201_034529.csv,participant_029,COMPLETED,70,7,1.000000
participant-013,responses_participant-013_participant_027_20260201_042322.csv,participant_027,COMPLETED,70,7,1.000000
participant-014,responses_participant-014_participant_011_20260201_020941.csv,participant_011,COMPLETED,70,7,0.857143
participant-015,responses_participant-015_participant_013_20260201_021838.csv,participant_013,COMPLETED,70,7,1.000000
participant-016,responses_participant-016_participant_004_20260201_000430.csv,participant_004,COMPLETED,70,7,1.000000
participant-017,responses_participant-017_participant_023_20260201_023838.csv,participant_023,COMPLETED,70,7,1.000000
participant-018,responses_participant-018_participant_007_20260201_002749.csv,participant_007,COMPLETED,70,7,1.000000
participant-019,responses_participant-019_participant_005_20260131_234210.csv,participant_005,COMPLETED_BONUS,70,7,1.000000
participant-021,responses_participant-021_participant_029_20260201_032853.csv,participant_029,SCREENED_OUT,47,3,0.333333
participant-022,responses_participant-022_participant_016_20260201_021348.csv,participant_016,COMPLETED,70,7,1.000000
participant-023,responses_participant-023_participant_030_20260201_032340.csv,participant_030,COMPLETED,70,7,1.000000
participant-024,responses_participant-024_participant_028_20260201_032030.csv,participant_028,COMPLETED_BONUS,70,7,1.000000
participant-025,responses_participant-025_participant_022_20260201_021810.csv,participant_022,SCREENED_OUT,34,2,0.500000
participant-026,responses_participant-026_participant_013_20260201_020350.csv,participant_013,SCREENED_OUT,24,4,0.500000
participant-027,responses_participant-027_participant_008_20260201_003148.csv,participant_008,COMPLETED,70,7,1.000000
participant-028,responses_participant-028_participant_020_20260201_023244.csv,participant_020,COMPLETED,70,7,0.857143
participant-029,responses_participant-029_participant_004_20260131_233551.csv,participant_004,SCREENED_OUT,41,3,0.666667
participant-030,responses_participant-030_participant_019_20260201_022154.csv,participant_019,COMPLETED,70,7,1.000000
participant-031,responses_participant-031_participant_025_20260201_024439.csv,participant_025,COMPLETED,70,7,0.857143
participant-032,responses_participant-032_participant_026_20260201_023359.csv,participant_026,SCREENED_OUT,8,2,0.500000
participant-033,responses_participant-033_participant_010_20260201_012739.csv,participant_010,COMPLETED,70,7,1.000000
participant-034,responses_participant-034_participant_009_20260201_003525.csv,participant_009,COMPLETED,70,7,1.000000
participant-035,responses_participant-035_participant_003_20260130_145419.csv,participant_003,COMPLETED,70,7,0.857143
participant-036,responses_participant-036_participant_001_20260130_144158.csv,participant_001,COMPLETED,70,7,1.000000
participant-037,responses_participant-037_participant_015_20260201_021114.csv,participant_015,COMPLETED,70,7,1.000000
participant-038,responses_participant-038_participant_004_20260131_234455.csv,participant_004,SCREENED_OUT,26,2,0.500000
participant-039,responses_participant-039_participant_029_20260201_031717.csv,participant_029,SCREENED_OUT,31,2,0.000000
participant-040,responses_participant-040_participant_014_20260201_021033.csv,participant_014,COMPLETED,70,7,1.000000
participant-041,responses_participant-041_participant_026_20260201_025237.csv,participant_026,COMPLETED,70,7,1.000000
participant-042,responses_participant-042_participant_002_20260131_233330.csv,participant_002,COMPLETED_BONUS,70,7,1.000000
participant-043,responses_participant-043_participant_017_20260201_021712.csv,participant_017,COMPLETED_BONUS,70,7,1.000000
participant-044,responses_participant-044_participant_031_20260201_033439.csv,participant_031,COMPLETED_BONUS,70,7,1.000000
participant-045,responses_participant-045_participant_012_20260201_020922.csv,participant_012,COMPLETED,70,7,1.000000
participant-057,responses_participant-057_participant_000_20260131_173341.csv,participant_000,COMPLETED,70,7,1.000000
