task,participant,response_file,status
stress,participant-006,responses_participant-006_participant_022_20260201_023136.csv,COMPLETED
stress,participant-007,responses_participant-007_participant_024_20260201_033616.csv,COMPLETED
stress,participant-008,responses_participant-008_participant_032_20260201_033600.csv,COMPLETED
stress,participant-009,responses_participant-009_participant_006_20260131_235207.csv,COMPLETED
stress,participant-010,responses_participant-010_participant_018_20260201_021924.csv,COMPLETED_BONUS
stress,participant-011,responses_participant-011_participant_021_20260201_022515.csv,COMPLETED
stress,participant-012,responses_participant-012_participant_029_20260201_034529.csv,COMPLETED
stress,participant-013,responses_participant-013_participant_027_20260201_042322.csv,COMPLETED
stress,participant-014,responses_participant-014_participant_011_20260201_020941.csv,COMPLETED
stress,participant-015,responses_participant-015_participant_013_20260201_021838.csv,COMPLETED
stress,participant-016,responses_participant-016_participant_004_20260201_000430.csv,COMPLETED
stress,participant-017,responses_participant-017_participant_023_20260201_023838.csv,COMPLETED
stress,participant-018,responses_participant-018_participant_007_20260201_002749.csv,COMPLETED
stress,participant-019,responses_participant-019_participant_005_20260131_234210.csv,COMPLETED_BONUS
stress,participant-021,responses_participant-021_participant_029_20260201_032853.csv,SCREENED_OUT
stress,participant-022,responses_participant-022_participant_016_20260201_021348.csv,COMPLETED
stress,participant-023,responses_participant-023_participant_030_20260201_032340.csv,COMPLETED
stress,participant-024,responses_participant-024_participant_028_20260201_032030.csv,COMPLETED_BONUS
stress,participant-025,responses_participant-025_participant_022_20260201_021810.csv,SCREENED_OUT
stress,participant-026,responses_participant-026_participant_013_20260201_020350.csv,SCREENED_OUT
stress,participant-027,responses_participant-027_participant_008_20260201_003148.csv,COMPLETED
stress,participant-028,responses_participant-028_participant_020_20260201_023244.csv,COMPLETED
stress,participant-029,responses_participant-029_participant_004_20260131_233551.csv,SCREENED_OUT
stress,participant-030,responses_participant-030_participant_019_20260201_022154.csv,COMPLETED
stress,participant-031,responses_participant-031_participant_025_20260201_024439.csv,COMPLETED
stress,participant-032,responses_participant-032_participant_026_20260201_023359.csv,SCREENED_OUT
stress,participant-033,responses_participant-033_participant_010_20260201_012739.csv,COMPLETED
stress,participant-034,responses_participant-034_participant_009_20260201_003525.csv,COMPLETED
stress,participant-035,responses_participant-035_participant_003_20260130_145419.csv,COMPLETED
stress,participant-036,responses_participant-036_participant_001_20260130_144158.csv,COMPLETED
stress,participant-037,responses_participant-037_participant_015_20260201_021114.csv,COMPLETED
stress,participant-038,responses_participant-038_participant_004_20260131_234455.csv,SCREENED_OUT
stress,participant-039,responses_participant-039_participant_029_20260201_031717.csv,SCREENED_OUT
stress,participant-040,responses_participant-040_participant_014_20260201_021033.csv,COMPLETED
stress,participant-041,responses_participant-041_participant_026_20260201_025237.csv,COMPLETED
stress,participant-042,responses_participant-042_participant_002_20260131_233330.csv,COMPLETED_BONUS
stress,participant-043,responses_participant-043_participant_017_20260201_021712.csv,COMPLETED_BONUS
stress,participant-044,responses_participant-044_participant_031_20260201_033439.csv,COMPLETED_BONUS
stress,participant-045,responses_participant-045_participant_012_20260201_020922.csv,COMPLETED
stress,participant-057,responses_participant-057_participant_000_20260131_173341.csv,COMPLETED
pitch_accent,participant-000,responses_participant-000_participant_012_20260206_180955.csv,COMPLETED
pitch_accent,participant-001,responses_participant-001_participant_006_20260204_221818.csv,COMPLETED
pitch_accent,participant-002,responses_participant-002_participant_011_20260206_135827.csv,COMPLETED_BONUS
pitch_accent,participant-003,responses_participant-003_participant_000_20260204_180552.csv,COMPLETED_BONUS
pitch_accent,participant-004,responses_participant-004_participant_004_20260204_194502.csv,COMPLETED_BONUS
pitch_accent,participant-005,responses_participant-005_participant_005_20260204_201642.csv,COMPLETED_BONUS
pitch_accent,participant-020,responses_participant-020_participant_014_20260206_192049.csv,COMPLETED
pitch_accent,participant-046,responses_participant-046_participant_002_20260204_184312.csv,COMPLETED_BONUS
pitch_accent,participant-047,responses_participant-047_participant_010_20260206_133614.csv,COMPLETED_BONUS
pitch_accent,participant-048,responses_participant-048_participant_009_20260206_132212.csv,COMPLETED_BONUS
pitch_accent,participant-049,responses_participant-049_participant_017_20260206_221014.csv,COMPLETED_BONUS
pitch_accent,participant-050,responses_participant-050_participant_003_20260204_190943.csv,COMPLETED_BONUS
pitch_accent,participant-051,responses_participant-051_participant_016_20260206_193246.csv,COMPLETED_BONUS
pitch_accent,participant-052,responses_participant-052_participant_008_20260206_131941.csv,COMPLETED_BONUS
pitch_accent,participant-053,responses_participant-053_participant_007_20260205_213612.csv,COMPLETED_BONUS
pitch_accent,participant-054,responses_participant-054_participant_013_20260206_174144.csv,COMPLETED_BONUS
pitch_accent,participant-055,responses_participant-055_participant_015_20260206_193050.csv,COMPLETED_BONUS
pitch_accent,participant-056,responses_participant-056_participant_001_20260206_170923.csv,COMPLETED_BONUS
tone,participant-058,responses_participant-058_participant_000_20260130_182058.csv,COMPLETED
tone,participant-059,responses_participant-059_participant_001_20260130_200520.csv,COMPLETED
tone,participant-060,responses_participant-060_participant_002_20260130_201315.csv,COMPLETED
tone,participant-061,responses_participant-061_participant_003_20260130_222639.csv,COMPLETED
tone,participant-062,responses_participant-062_participant_004_20260130_195517.csv,COMPLETED
tone,participant-063,responses_participant-063_participant_005_20260130_230024.csv,COMPLETED
tone,participant-064,responses_participant-064_participant_006_20260130_202039.csv,COMPLETED
tone,participant-065,responses_participant-065_participant_007_20260130_213230.csv,COMPLETED
tone,participant-066,responses_participant-066_participant_008_20260131_005542.csv,COMPLETED
tone,participant-067,responses_participant-067_participant_009_20260131_005853.csv,COMPLETED
tone,participant-068,responses_participant-068_participant_010_20260131_011412.csv,COMPLETED
tone,participant-069,responses_participant-069_participant_011_20260130_232732.csv,COMPLETED
tone,participant-070,responses_participant-070_participant_012_20260130_233440.csv,COMPLETED
tone,participant-071,responses_participant-071_participant_013_20260131_180202.csv,COMPLETED
tone,participant-072,responses_participant-072_participant_014_20260131_000339.csv,COMPLETED
