phone_sequence,phone_sequence_b,accent_a,accent_b,speaker_ab,speaker_x,file_a,file_b,file_x,is_catch,correct_answer,audio_source,participant_id,list_id,trial_index,timestamp,response,correct,prolific_pid,study_id,session_id
きる_37,きる_37,76,75,S004,S008,S004/S004_76,S004/S004_75,S008/S008_75,false,B,main,participant-052,participant_008.csv,0,2026-02-06T04:08:31.655Z,B,true,,,
きて_40,きて_40,81,82,S003,S006,S003/S003_81,S003/S003_82,S006/S006_81,false,A,main,participant-052,participant_008.csv,1,2026-02-06T04:08:40.631Z,B,false,,,
かって_16,かって_16,33,34,S009,S001,S009/S009_33,S009/S009_34,S001/S001_34,false,B,main,participant-052,participant_008.csv,2,2026-02-06T04:08:48.479Z,B,true,,,
はし_2,はし_2,6,5,S004,S006,S004/S004_06,S004/S004_05,S006/S006_05,false,B,main,participant-052,participant_008.csv,3,2026-02-06T04:08:54.423Z,B,true,,,
かき_4,かき_4,10,9,S004,S008,S004/S004_10,S004/S004_09,S008/S008_10,false,A,main,participant-052,participant_008.csv,4,2026-02-06T04:09:00.407Z,A,true,,,
にじ_23,にじ_23,47,48,S004,S008,S004/S004_47,S004/S004_48,S008/S008_47,false,A,main,participant-052,participant_008.csv,5,2026-02-06T04:09:06.432Z,A,true,,,
きって_20,きって_20,42,41,S004,S008,S004/S004_42,S004/S004_41,S008/S008_41,false,B,main,participant-052,participant_008.csv,6,2026-02-06T04:09:12.751Z,B,true,,,
かき_4,かき_4,10,9,S003,S006,S003/S003_10,S003/S003_09,S006/S006_10,false,A,main,participant-052,participant_008.csv,7,2026-02-06T04:09:20.423Z,A,true,,,
きる_14,きる_14,30,29,S009,S001,S009/S009_30,S009/S009_29,S001/S001_30,false,A,main,participant-052,participant_008.csv,8,2026-02-06T04:09:38.335Z,A,true,,,
きって_43,きって_43,88,87,S003,S006,S003/S003_88,S003/S003_87,S006/S006_87,false,B,main,participant-052,participant_008.csv,9,2026-02-06T04:09:45.391Z,B,true,,,
よんで_41,よんで_41,83,84,S003,S006,S003/S003_83,S003/S003_84,S006/S006_83,false,A,main,participant-052,participant_008.csv,10,2026-02-06T04:09:51.199Z,A,true,,,
はく_22,はく_22,45,46,S003,S006,S003/S003_45,S003/S003_46,S006/S006_45,false,A,main,participant-052,participant_008.csv,11,2026-02-06T04:09:57.000Z,A,true,,,
にほん_11,にほん_11,24,23,S003,S006,S003/S003_24,S003/S003_23,S006/S006_23,false,B,main,participant-052,participant_008.csv,12,2026-02-06T04:10:03.862Z,B,true,,,
さけ_31,さけ_31,64,63,S004,S008,S004/S004_64,S004/S004_63,S008/S008_63,false,B,main,participant-052,participant_008.csv,13,2026-02-06T04:10:12.167Z,B,true,,,
はなが_7,はなが_7,16,15,S009,S001,S009/S009_16,S009/S009_15,S001/S001_16,false,A,main,participant-052,participant_008.csv,14,2026-02-06T04:10:19.775Z,A,true,,,
よんで_18,よんで_18,38,37,S003,S006,S003/S003_38,S003/S003_37,S006/S006_37,false,B,main,participant-052,participant_008.csv,15,2026-02-06T04:10:26.255Z,B,true,,,
にじ_0,にじ_0,1,2,S009,S001,S009/S009_01,S009/S009_02,S001/S001_02,false,B,main,participant-052,participant_008.csv,16,2026-02-06T04:10:35.911Z,B,true,,,
かって_16,かって_16,33,34,S003,S006,S003/S003_33,S003/S003_34,S006/S006_33,false,A,main,participant-052,participant_008.csv,17,2026-02-06T04:10:41.832Z,A,true,,,
かき_4,かき_4,9,10,S009,S001,S009/S009_09,S009/S009_10,S001/S001_09,false,A,main,participant-052,participant_008.csv,18,2026-02-06T04:10:47.999Z,A,true,,,
はし_26,はし_26,54,53,S008,S010,S008/S008_54,S008/S008_53,S010/S010_53,false,B,main,participant-052,participant_008.csv,19,2026-02-06T04:10:55.223Z,B,true,,,
しめい_33,しめい_33,68,67,S009,S001,S009/S009_68,S009/S009_67,S001/S001_68,false,A,main,participant-052,participant_008.csv,20,2026-02-06T04:11:03.143Z,A,true,,,
はく_45,はく_45,91,92,A,A,はく/はく_履く_91_A,はく/はく_掃く_92_A,はく/はく_掃く_92_A,true,B,syn,participant-052,participant_008.csv,21,2026-02-06T04:11:11.086Z,B,true,,,
はし_25,はし_25,51,52,C,C,はし/はし_端_51_C,はし/はし_箸_52_C,はし/はし_箸_52_C,true,B,syn,participant-052,participant_008.csv,22,2026-02-06T04:11:18.119Z,B,true,,,
きて_17,きて_17,36,35,S004,S008,S004/S004_36,S004/S004_35,S008/S008_35,false,B,main,participant-052,participant_008.csv,23,2026-02-06T04:11:23.799Z,B,true,,,
きって_20,きって_20,42,41,S009,S001,S009/S009_42,S009/S009_41,S001/S001_42,false,A,main,participant-052,participant_008.csv,24,2026-02-06T04:11:30.343Z,A,true,,,
はし_3,はし_3,8,7,S008,S010,S008/S008_08,S008/S008_07,S010/S010_07,false,B,main,participant-052,participant_008.csv,25,2026-02-06T04:11:36.063Z,B,true,,,
きて_17,きて_17,35,36,S009,S001,S009/S009_35,S009/S009_36,S001/S001_36,false,B,main,participant-052,participant_008.csv,26,2026-02-06T04:11:42.359Z,B,true,,,
きって_43,きって_43,88,87,S009,S001,S009/S009_88,S009/S009_87,S001/S001_88,false,A,main,participant-052,participant_008.csv,27,2026-02-06T04:11:48.687Z,A,true,,,
はなを_30,はなを_30,62,61,S004,S006,S004/S004_62,S004/S004_61,S006/S006_61,false,B,main,participant-052,participant_008.csv,28,2026-02-06T04:11:55.150Z,B,true,,,
さけ_8,さけ_8,17,18,S005,S003,S005/S005_17,S005/S005_18,S003/S003_17,false,A,main,participant-052,participant_008.csv,29,2026-02-06T04:12:04.438Z,A,true,,,
はし_3,はし_3,7,8,S005,S003,S005/S005_07,S005/S005_08,S003/S003_07,false,A,main,participant-052,participant_008.csv,30,2026-02-06T04:12:10.215Z,A,true,,,
はし_26,はし_26,53,54,S004,S006,S004/S004_53,S004/S004_54,S006/S006_53,false,A,main,participant-052,participant_008.csv,31,2026-02-06T04:12:16.118Z,A,true,,,
かって_39,かって_39,79,80,S009,S001,S009/S009_79,S009/S009_80,S001/S001_80,false,B,main,participant-052,participant_008.csv,32,2026-02-06T04:12:22.054Z,B,true,,,
きて_40,きて_40,81,82,S004,S008,S004/S004_81,S004/S004_82,S008/S008_81,false,A,main,participant-052,participant_008.csv,33,2026-02-06T04:12:28.198Z,A,true,,,
かって_16,かって_16,34,33,S004,S008,S004/S004_34,S004/S004_33,S008/S008_33,false,B,main,participant-052,participant_008.csv,34,2026-02-06T04:12:34.439Z,B,true,,,
よんで_18,よんで_18,38,37,S009,S001,S009/S009_38,S009/S009_37,S001/S001_38,false,A,main,participant-052,participant_008.csv,35,2026-02-06T04:12:40.934Z,A,true,,,
しめい_10,しめい_10,21,22,S004,S008,S004/S004_21,S004/S004_22,S008/S008_21,false,A,main,participant-052,participant_008.csv,36,2026-02-06T04:12:47.680Z,A,true,,,
さけ_31,さけ_31,64,63,S009,S001,S009/S009_64,S009/S009_63,S001/S001_64,false,A,main,participant-052,participant_008.csv,37,2026-02-06T04:12:54.055Z,A,true,,,
にじ_23,にじ_23,47,48,S003,S006,S003/S003_47,S003/S003_48,S006/S006_47,false,A,main,participant-052,participant_008.csv,38,2026-02-06T04:13:00.558Z,A,true,,,
はく_45,はく_45,92,91,S003,S006,S003/S003_92,S003/S003_91,S006/S006_91,false,B,main,participant-052,participant_008.csv,39,2026-02-06T04:13:05.974Z,B,true,,,
にじ_0,にじ_0,1,2,S004,S008,S004/S004_01,S004/S004_02,S008/S008_01,false,A,main,participant-052,participant_008.csv,40,2026-02-06T04:13:12.006Z,A,true,,,
きる_37,きる_37,76,75,S009,S001,S009/S009_76,S009/S009_75,S001/S001_76,false,A,main,participant-052,participant_008.csv,41,2026-02-06T04:13:17.439Z,A,true,,,
きです_29,きです_29,60,59,S010,S008,S010/S010_60,S010/S010_59,S008/S008_59,false,B,main,participant-052,participant_008.csv,42,2026-02-06T04:13:23.807Z,B,true,,,
きる_37,きる_37,76,75,D,D,きる/きる_切る_76_D,きる/きる_着る_75_D,きる/きる_切る_76_D,true,A,syn,participant-052,participant_008.csv,43,2026-02-06T04:13:31.046Z,A,true,,,
にほん_11,にほん_11,24,23,S004,S008,S004/S004_24,S004/S004_23,S008/S008_23,false,B,main,participant-052,participant_008.csv,44,2026-02-06T04:13:37.590Z,B,true,,,
はなを_30,はなを_30,61,62,S007,S002,S007/S007_61,S007/S007_62,S002/S002_61,false,A,main,participant-052,participant_008.csv,45,2026-02-06T04:13:44.191Z,A,true,,,
にじ_23,にじ_23,48,47,S009,S001,S009/S009_48,S009/S009_47,S001/S001_48,false,A,main,participant-052,participant_008.csv,46,2026-02-06T04:13:50.006Z,A,true,,,
きです_29,きです_29,60,59,A,A,きです/きです_木です_60_A,きです/きです_気です_59_A,きです/きです_木です_60_A,true,A,syn,participant-052,participant_008.csv,47,2026-02-06T04:13:58.150Z,A,true,,,
はし_2,はし_2,5,6,S008,S010,S008/S008_05,S008/S008_06,S010/S010_05,false,A,main,participant-052,participant_008.csv,48,2026-02-06T04:14:04.055Z,B,false,,,
あつい_44,あつい_44,89,90,D,D,あつい/あつい_厚い_89_D,あつい/あつい_暑い_90_D,あつい/あつい_厚い_89_D,true,A,syn,participant-052,participant_008.csv,49,2026-02-06T04:14:12.142Z,A,true,,,
きです_29,きです_29,59,60,S007,S003,S007/S007_59,S007/S007_60,S003/S003_59,false,A,main,participant-052,participant_008.csv,50,2026-02-06T04:14:18.431Z,A,true,,,
かって_39,かって_39,80,79,S003,S006,S003/S003_80,S003/S003_79,S006/S006_79,false,B,main,participant-052,participant_008.csv,51,2026-02-06T04:14:26.038Z,B,true,,,
はく_22,はく_22,46,45,S004,S008,S004/S004_46,S004/S004_45,S008/S008_45,false,B,main,participant-052,participant_008.csv,52,2026-02-06T04:14:32.310Z,B,true,,,
はし_25,はし_25,51,52,S004,S006,S004/S004_51,S004/S004_52,S006/S006_51,false,A,main,participant-052,participant_008.csv,53,2026-02-06T04:14:37.823Z,A,true,,,
はし_2,はし_2,6,5,S005,S003,S005/S005_06,S005/S005_05,S003/S003_05,false,B,main,participant-052,participant_008.csv,54,2026-02-06T04:14:43.318Z,B,true,,,
さけ_8,さけ_8,18,17,S008,S010,S008/S008_18,S008/S008_17,S010/S010_17,false,B,main,participant-052,participant_008.csv,55,2026-02-06T04:14:49.526Z,B,true,,,
はく_45,はく_45,91,92,S004,S008,S004/S004_91,S004/S004_92,S008/S008_91,false,A,main,participant-052,participant_008.csv,56,2026-02-06T04:14:56.071Z,A,true,,,
はし_3,はし_3,7,8,S004,S006,S004/S004_07,S004/S004_08,S006/S006_07,false,A,main,participant-052,participant_008.csv,57,2026-02-06T04:15:02.070Z,A,true,,,
はし_25,はし_25,51,52,S008,S010,S008/S008_51,S008/S008_52,S010/S010_51,false,A,main,participant-052,participant_008.csv,58,2026-02-06T04:15:07.998Z,B,false,,,
さけ_8,さけ_8,18,17,S004,S006,S004/S004_18,S004/S004_17,S006/S006_17,false,B,main,participant-052,participant_008.csv,59,2026-02-06T04:15:14.806Z,B,true,,,
しめい_10,しめい_10,21,22,D,D,しめい/しめい_指名_21_D,しめい/しめい_氏名_22_D,しめい/しめい_氏名_22_D,true,B,syn,participant-052,participant_008.csv,60,2026-02-06T04:15:23.446Z,B,true,,,
にほん_34,にほん_34,70,69,S009,S001,S009/S009_70,S009/S009_69,S001/S001_70,false,A,main,participant-052,participant_008.csv,61,2026-02-06T04:15:29.838Z,A,true,,,
きって_43,きって_43,87,88,S004,S008,S004/S004_87,S004/S004_88,S008/S008_87,false,A,main,participant-052,participant_008.csv,62,2026-02-06T04:15:37.614Z,A,true,,,
にほん_34,にほん_34,69,70,S004,S008,S004/S004_69,S004/S004_70,S008/S008_69,false,A,main,participant-052,participant_008.csv,63,2026-02-06T04:15:45.359Z,A,true,,,
きです_29,きです_29,59,60,S002,S005,S002/S002_59,S002/S002_60,S005/S005_59,false,A,main,participant-052,participant_008.csv,64,2026-02-06T04:15:52.238Z,A,true,,,
きって_20,きって_20,42,41,S003,S006,S003/S003_42,S003/S003_41,S006/S006_41,false,B,main,participant-052,participant_008.csv,65,2026-02-06T04:15:58.359Z,B,true,,,
よんで_41,よんで_41,83,84,S009,S001,S009/S009_83,S009/S009_84,S001/S001_84,false,B,main,participant-052,participant_008.csv,66,2026-02-06T04:16:04.902Z,B,true,,,
はく_45,はく_45,91,92,D,D,はく/はく_履く_91_D,はく/はく_掃く_92_D,はく/はく_掃く_92_D,true,B,syn,participant-052,participant_008.csv,67,2026-02-06T04:16:12.758Z,B,true,,,
しめい_33,しめい_33,68,67,S003,S006,S003/S003_68,S003/S003_67,S006/S006_67,false,B,main,participant-052,participant_008.csv,68,2026-02-06T04:16:19.054Z,B,true,,,
きる_14,きる_14,30,29,S004,S008,S004/S004_30,S004/S004_29,S008/S008_29,false,B,main,participant-052,participant_008.csv,69,2026-02-06T04:16:24.654Z,B,true,,,
かき_27,かき_27,56,55,S009,S001,S009/S009_56,S009/S009_55,S001/S001_56,false,A,main,participant-052,participant_008.csv,70,2026-02-06T04:16:32.094Z,A,true,,,
にほん_34,にほん_34,69,70,S003,S006,S003/S003_69,S003/S003_70,S006/S006_69,false,A,main,participant-052,participant_008.csv,71,2026-02-06T04:16:38.206Z,A,true,,,
はなが_7,はなが_7,16,15,S003,S006,S003/S003_16,S003/S003_15,S006/S006_15,false,B,main,participant-052,participant_008.csv,72,2026-02-06T04:16:48.526Z,B,true,,,
はなが_7,はなが_7,16,15,S004,S008,S004/S004_16,S004/S004_15,S008/S008_15,false,B,main,participant-052,participant_008.csv,73,2026-02-06T04:16:55.677Z,B,true,,,
きが_6,きが_6,13,14,S004,S008,S004/S004_13,S004/S004_14,S008/S008_13,false,A,main,participant-052,participant_008.csv,74,2026-02-06T04:17:01.582Z,A,true,,,
にほん_11,にほん_11,24,23,S009,S001,S009/S009_24,S009/S009_23,S001/S001_24,false,A,main,participant-052,participant_008.csv,75,2026-02-06T04:17:08.085Z,A,true,,,
かって_16,かって_16,34,33,C,C,かって/かって_勝って_34_C,かって/かって_買って_33_C,かって/かって_勝って_34_C,true,A,syn,participant-052,participant_008.csv,76,2026-02-06T04:17:15.917Z,A,true,,,
かって_39,かって_39,79,80,S004,S008,S004/S004_79,S004/S004_80,S008/S008_79,false,A,main,participant-052,participant_008.csv,77,2026-02-06T04:17:21.814Z,A,true,,,
きて_40,きて_40,81,82,S009,S001,S009/S009_81,S009/S009_82,S001/S001_82,false,B,main,participant-052,participant_008.csv,78,2026-02-06T04:17:27.190Z,B,true,,,
きる_14,きる_14,30,29,B,B,きる/きる_切る_30_B,きる/きる_着る_29_B,きる/きる_切る_30_B,true,A,syn,participant-052,participant_008.csv,79,2026-02-06T04:17:39.358Z,A,true,,,
よんで_42,よんで_42,85,86,S004,S008,S004/S004_85,S004/S004_86,S008/S008_85,false,A,main,participant-052,participant_008.csv,80,2026-02-06T04:17:45.478Z,A,true,,,
よんで_18,よんで_18,37,38,S004,S008,S004/S004_37,S004/S004_38,S008/S008_37,false,A,main,participant-052,participant_008.csv,81,2026-02-06T04:17:51.886Z,A,true,,,
きが_6,きが_6,13,14,S009,S001,S009/S009_13,S009/S009_14,S001/S001_14,false,B,main,participant-052,participant_008.csv,82,2026-02-06T04:17:57.741Z,B,true,,,
しめい_33,しめい_33,67,68,S004,S008,S004/S004_67,S004/S004_68,S008/S008_67,false,A,main,participant-052,participant_008.csv,83,2026-02-06T04:18:03.942Z,A,true,,,
きて_17,きて_17,36,35,S003,S006,S003/S003_36,S003/S003_35,S006/S006_35,false,B,main,participant-052,participant_008.csv,84,2026-02-06T04:18:08.958Z,B,true,,,
いけん_35,いけん_35,72,71,D,D,いけん/いけん_意見_72_D,いけん/いけん_違憲_71_D,いけん/いけん_意見_72_D,true,A,syn,participant-052,participant_008.csv,85,2026-02-06T04:18:16.805Z,A,true,,,
はし_26,はし_26,54,53,S005,S003,S005/S005_54,S005/S005_53,S003/S003_53,false,B,main,participant-052,participant_008.csv,86,2026-02-06T04:18:22.477Z,B,true,,,
よんで_41,よんで_41,83,84,S004,S008,S004/S004_83,S004/S004_84,S008/S008_83,false,A,main,participant-052,participant_008.csv,87,2026-02-06T04:18:28.134Z,A,true,,,
きる_14,きる_14,30,29,S003,S006,S003/S003_30,S003/S003_29,S006/S006_29,false,B,main,participant-052,participant_008.csv,88,2026-02-06T04:18:33.694Z,B,true,,,
しめい_10,しめい_10,22,21,S003,S006,S003/S003_22,S003/S003_21,S006/S006_21,false,B,main,participant-052,participant_008.csv,89,2026-02-06T04:18:39.885Z,B,true,,,
はし_25,はし_25,51,52,S005,S003,S005/S005_51,S005/S005_52,S003/S003_51,false,A,main,participant-052,participant_008.csv,90,2026-02-06T04:18:45.277Z,A,true,,,
きが_6,きが_6,14,13,S003,S006,S003/S003_14,S003/S003_13,S006/S006_13,false,B,main,participant-052,participant_008.csv,91,2026-02-06T04:18:51.790Z,B,true,,,
しめい_10,しめい_10,21,22,S009,S001,S009/S009_21,S009/S009_22,S001/S001_22,false,B,main,participant-052,participant_008.csv,92,2026-02-06T04:18:58.422Z,B,true,,,
はく_22,はく_22,45,46,S009,S001,S009/S009_45,S009/S009_46,S001/S001_46,false,B,main,participant-052,participant_008.csv,93,2026-02-06T04:19:04.173Z,B,true,,,
よんで_42,よんで_42,86,85,S003,S006,S003/S003_86,S003/S003_85,S006/S006_85,false,B,main,participant-052,participant_008.csv,94,2026-02-06T04:19:10.637Z,B,true,,,
きる_37,きる_37,75,76,S003,S006,S003/S003_75,S003/S003_76,S006/S006_75,false,A,main,participant-052,participant_008.csv,95,2026-02-06T04:19:16.150Z,A,true,,,
はなを_30,はなを_30,61,62,S008,S010,S008/S008_61,S008/S008_62,S010/S010_61,false,A,main,participant-052,participant_008.csv,96,2026-02-06T04:19:22.717Z,A,true,,,
にじ_0,にじ_0,1,2,S003,S006,S003/S003_01,S003/S003_02,S006/S006_01,false,A,main,participant-052,participant_008.csv,97,2026-02-06T04:19:29.150Z,A,true,,,
さけ_31,さけ_31,64,63,S003,S006,S003/S003_64,S003/S003_63,S006/S006_63,false,B,main,participant-052,participant_008.csv,98,2026-02-06T04:19:35.013Z,B,true,,,
はく_45,はく_45,92,91,S009,S001,S009/S009_92,S009/S009_91,S001/S001_92,false,A,main,participant-052,participant_008.csv,99,2026-02-06T04:19:41.085Z,A,true,,,
